Method,ROC-AUC,AP,Accuracy
Neighbor Agg. + Dot Product,0.9558863577565665,0.9522329691541954,0.8920664206642066
Neighbor Agg. + Logistic Reg.,0.5675712476681962,0.5414495253092514,0.5479704797047971
Node2Vec + Text + Dot Product,0.9731995751691833,0.9831589467962917,0.8450184501845018
Node2Vec + Text + Logistic Reg.,0.6822245067469125,0.6799092507922642,0.6383763837638377
GCN (N2V + Text) + MLP,0.9470833730477526,0.9482863952993672,0.8699261992619927
