Split,ROC-AUC,AP,Accuracy
Train,0.8341260737776448,0.8161341741308225,0.7591484464902186
Validation,0.5825458531338081,0.5883798165683551,0.5673431734317343
Test,0.6433735924075108,0.6342266213948728,0.6208487084870848
