Split,ROC-AUC,AP,Accuracy
Train,0.8265566680482704,0.8189330234235258,0.7479861910241657
Validation,0.6002811780885337,0.5816046622009641,0.5765682656826568
Test,0.5675712476681962,0.5414495253092514,0.5479704797047971
