Split,ROC-AUC,AP,Accuracy
Train,0.9837567882875309,0.9821369744155626,0.9150747986191025
Validation,0.9633583420705056,0.9609935298453353,0.8920664206642066
Test,0.9558863577565665,0.9522329691541954,0.8920664206642066
