Split,ROC-AUC,AP,Accuracy
Train,0.9850861471924529,0.9837692472063881,0.9161104718066744
Validation,0.9496534633243012,0.9440252628134114,0.8782287822878229
Test,0.9644612682289184,0.9622025099737674,0.8994464944649446
